[
{"Title": "Unicorn Tracks", "URL": "../../../unicorn-tracks_951/index.html"},
{"Title": "Saga, Volume 6 (Saga (Collected Editions) #6)", "URL": "../../../saga-volume-6-saga-collected-editions-6_924/index.html"},
{"Title": "Princess Between Worlds (Wide-Awake Princess #5)", "URL": "../../../princess-between-worlds-wide-awake-princess-5_919/index.html"},
{"Title": "Masks and Shadows", "URL": "../../../masks-and-shadows_909/index.html"},
{"Title": "Crown of Midnight (Throne of Glass #2)", "URL": "../../../crown-of-midnight-throne-of-glass-2_888/index.html"},
{"Title": "Avatar: The Last Airbender: Smoke and Shadow, Part 3 (Smoke and Shadow #3)", "URL": "../../../avatar-the-last-airbender-smoke-and-shadow-part-3-smoke-and-shadow-3_881/index.html"},
{"Title": "A Court of Thorns and Roses (A Court of Thorns and Roses #1)", "URL": "../../../a-court-of-thorns-and-roses-a-court-of-thorns-and-roses-1_874/index.html"},
{"Title": "Throne of Glass (Throne of Glass #1)", "URL": "../../../throne-of-glass-throne-of-glass-1_868/index.html"},
{"Title": "The Glittering Court (The Glittering Court #1)", "URL": "../../../the-glittering-court-the-glittering-court-1_845/index.html"},
{"Title": "Hollow City (Miss Peregrine’s Peculiar Children #2)", "URL": "../../../hollow-city-miss-peregrines-peculiar-children-2_813/index.html"},
{"Title": "The Star-Touched Queen", "URL": "../../../the-star-touched-queen_764/index.html"},
{"Title": "The Hidden Oracle (The Trials of Apollo #1)", "URL": "../../../the-hidden-oracle-the-trials-of-apollo-1_752/index.html"},
{"Title": "The Bane Chronicles (The Bane Chronicles #1-11)", "URL": "../../../the-bane-chronicles-the-bane-chronicles-1-11_746/index.html"},
{"Title": "Island of Dragons (Unwanteds #7)", "URL": "../../../island-of-dragons-unwanteds-7_705/index.html"},
{"Title": "Demigods & Magicians: Percy and Annabeth Meet the Kanes (Percy Jackson & Kane Chronicles Crossover #1-3)", "URL": "../../../demigods-magicians-percy-and-annabeth-meet-the-kanes-percy-jackson-kane-chronicles-crossover-1-3_685/index.html"},
{"Title": "City of Glass (The Mortal Instruments #3)", "URL": "../../../city-of-glass-the-mortal-instruments-3_678/index.html"},
{"Title": "Searching for Meaning in Gailana", "URL": "../../../searching-for-meaning-in-gailana_648/index.html"},
{"Title": "The Star-Touched Queen", "URL": "../../../the-star-touched-queen_642/index.html"},
{"Title": "A Shard of Ice (The Black Symphony Saga #1)", "URL": "../../../a-shard-of-ice-the-black-symphony-saga-1_558/index.html"},
{"Title": "King's Folly (The Kinsman Chronicles #1)", "URL": "../../../kings-folly-the-kinsman-chronicles-1_473/index.html"},
{"Title": "Every Heart a Doorway (Every Heart A Doorway #1)", "URL": "../../../every-heart-a-doorway-every-heart-a-doorway-1_465/index.html"},
{"Title": "A Gathering of Shadows (Shades of Magic #2)", "URL": "../../../a-gathering-of-shadows-shades-of-magic-2_456/index.html"},
{"Title": "The Raven Boys (The Raven Cycle #1)", "URL": "../../../the-raven-boys-the-raven-cycle-1_411/index.html"},
{"Title": "The False Prince (The Ascendance Trilogy #1)", "URL": "../../../the-false-prince-the-ascendance-trilogy-1_402/index.html"},
{"Title": "Tell the Wind and Fire", "URL": "../../../tell-the-wind-and-fire_396/index.html"},
{"Title": "A Feast for Crows (A Song of Ice and Fire #4)", "URL": "../../../a-feast-for-crows-a-song-of-ice-and-fire-4_357/index.html"},
{"Title": "The Demonists (Demonist #1)", "URL": "../../../the-demonists-demonist-1_345/index.html"},
{"Title": "The Beast (Black Dagger Brotherhood #14)", "URL": "../../../the-beast-black-dagger-brotherhood-14_342/index.html"},
{"Title": "Paper and Fire (The Great Library #2)", "URL": "../../../paper-and-fire-the-great-library-2_339/index.html"},
{"Title": "Harry Potter and the Order of the Phoenix (Harry Potter #5)", "URL": "../../../harry-potter-and-the-order-of-the-phoenix-harry-potter-5_327/index.html"},
{"Title": "Harry Potter and the Half-Blood Prince (Harry Potter #6)", "URL": "../../../harry-potter-and-the-half-blood-prince-harry-potter-6_326/index.html"},
{"Title": "Harry Potter and the Chamber of Secrets (Harry Potter #2)", "URL": "../../../harry-potter-and-the-chamber-of-secrets-harry-potter-2_325/index.html"},
{"Title": "The Rose & the Dagger (The Wrath and the Dawn #2)", "URL": "../../../the-rose-the-dagger-the-wrath-and-the-dawn-2_278/index.html"},
{"Title": "Soldier (Talon #3)", "URL": "../../../soldier-talon-3_222/index.html"},
{"Title": "Midnight Riot (Peter Grant/ Rivers of London - books #1)", "URL": "../../../midnight-riot-peter-grant-rivers-of-london-books-1_194/index.html"},
{"Title": "Heir to the Sky", "URL": "../../../heir-to-the-sky_166/index.html"},
{"Title": "Eragon (The Inheritance Cycle #1)", "URL": "../../../eragon-the-inheritance-cycle-1_153/index.html"},
{"Title": "Darkfever (Fever #1)", "URL": "../../../darkfever-fever-1_145/index.html"},
{"Title": "Ash", "URL": "../../../ash_123/index.html"},
{"Title": "A Storm of Swords (A Song of Ice and Fire #3)", "URL": "../../../a-storm-of-swords-a-song-of-ice-and-fire-3_116/index.html"},
{"Title": "Vampire Girl (Vampire Girl #1)", "URL": "../../../vampire-girl-vampire-girl-1_92/index.html"},
{"Title": "The Silent Twin (Detective Jennifer Knight #3)", "URL": "../../../the-silent-twin-detective-jennifer-knight-3_82/index.html"},
{"Title": "The Mirror & the Maze (The Wrath and the Dawn #1.5)", "URL": "../../../the-mirror-the-maze-the-wrath-and-the-dawn-15_73/index.html"},
{"Title": "Sister Sable (The Mad Queen #1)", "URL": "../../../sister-sable-the-mad-queen-1_54/index.html"},
{"Title": "Shadow Rites (Jane Yellowrock #10)", "URL": "../../../shadow-rites-jane-yellowrock-10_51/index.html"},
{"Title": "Origins (Alphas 0.5)", "URL": "../../../origins-alphas-05_42/index.html"},
{"Title": "One Second (Seven #7)", "URL": "../../../one-second-seven-7_41/index.html"},
{"Title": "Myriad (Prentor #1)", "URL": "../../../myriad-prentor-1_36/index.html"}
]